DATE,AREA_BURNED_HA,LOG_AREA_BURNED_HA
1959-04,317.41,2.5029866987535114
1959-05,7515.69,3.8760266396347403
1959-06,0.0,0.0
1959-07,15220.63,4.182461161114029
1959-08,0.0,0.0
1959-09,0.0,0.0
1959-10,0.0,0.0
1959-11,0.0,0.0
1959-12,0.0,0.0
1960-01,0.0,0.0
1960-02,0.0,0.0
1960-03,0.0,0.0
1960-04,0.0,0.0
1960-05,1578.9,3.198629599092019
1960-06,0.0,0.0
1960-07,0.0,0.0
1960-08,0.0,0.0
1960-09,0.0,0.0
1960-10,0.0,0.0
1960-11,0.0,0.0
1960-12,4.04686,0.7030212575629364
1961-01,0.0,0.0
1961-02,0.0,0.0
1961-03,32.374851379220004,1.5234193404302088
1961-04,1017.7843902329801,3.0080822821027122
1961-05,41795.19660263804,4.621136763362594
1961-06,33434.94565333166,4.524213610658873
1961-07,10139.05883038782,4.00604047468555
1961-08,2012.1698566321402,3.303880419044626
1961-09,6.0702846336,0.8494368978582268
1961-10,1562.2282190206402,3.1940223862252175
1961-11,8.0937128448,0.9587412362240716
1961-12,1.2140569267199999,0.3451887830479135
1962-01,0.0,0.0
1962-02,0.0,0.0
1962-03,0.80937128448,0.2575276935904718
1962-04,42.89667807744,1.6424316558406566
1962-05,460.46346430989996,2.6641373220971
1962-06,1160.12447117876,3.064878778092197
1962-07,28.73268059908,1.4732340655086125
1962-08,18.61553954304,1.2926002582897909
1962-09,34.39827959038,1.548982155173784
1962-10,0.40468564224,0.14757914337571743
1962-11,0.80937128448,0.2575276935904718
1962-12,3.23748513792,0.6271081880180642
1963-01,0.0,0.0
1963-02,0.0,0.0
1963-03,229.86144479194002,2.363351409260917
1963-04,112.90729418496001,2.0565515355176283
1963-05,1282.01578662082,3.1082320001006734
1963-06,796.8260295709,2.9019082013328057
1963-07,4986.63765509458,3.6978948950653296
1963-08,108.05106647806,2.037629917170764
1963-09,33.58890830592,1.5389368550413398
1963-10,70.01061610752,1.8513232807227549
1963-11,1.2140569267199999,0.3451887830479135
1963-12,0.40468564224,0.14757914337571743
1964-01,1.61874256896,0.4180928079421622
1964-02,0.40468564224,0.14757914337571743
1964-03,0.80937128448,0.2575276935904718
1964-04,1468.81867907948,3.1672637622772646
1964-05,1583.05334217094,3.1997698021401115
1964-06,2728.41083426078,3.4360689111274016
1964-07,1398.69879784794,3.1460345896024084
1964-08,77.69964331008,1.895972764013257
1964-09,0.80937128448,0.2575276935904718
1964-10,21.44833903872,1.351184212911536
1964-11,1.61874256896,0.4180928079421622
1964-12,8.0937128448,0.9587412362240716
1965-01,0.0,0.0
1965-02,0.0,0.0
1965-03,0.0,0.0
1965-04,19.829596469760002,1.318680856474195
1965-05,387.688845266,2.58960207726894
1965-06,354.58555973055996,2.550944116030819
1965-07,22085.83628412998,4.3441335120351
1965-08,21.04365339648,1.3432835737751556
1965-09,0.0,0.0
1965-10,221.76773194755998,2.347852283216125
1965-11,0.0,0.0
1965-12,0.0,0.0
1966-01,0.0,0.0
1966-02,0.0,0.0
1966-03,0.0,0.0
1966-04,104.81358134015998,2.02454141365894
1966-05,3839.54406159386,3.584392752026647
1966-06,24511.99145902476,4.389396313898805
1966-07,99.9573536332,2.004137958009792
1966-08,4095.4186994648,3.6124043399535766
1966-09,348.4343379686,2.543365579689668
1966-10,381.61856063228,2.5827660336072844
1966-11,0.0,0.0
1966-12,0.40468564224,0.14757914337571743
1967-01,0.0,0.0
1967-02,0.0,0.0
1967-03,0.40468564224,0.14757914337571743
1967-04,8.49839848704,0.9776503856179006
1967-05,2869.90107535998,3.458018227966562
1967-06,1078.76646966278,3.033329837057683
1967-07,1178.99091582016,3.071878663895648
1967-08,3808.81223392138,3.580903572058484
1967-09,1709.63901106084,3.2331583718760046
1967-10,120.59632138744,2.08492043657075
1967-11,1.6187425689600001,0.4180928079421622
1967-12,1.61874256896,0.4180928079421622
1968-01,1.21405692672,0.34518878304791356
1968-02,0.0,0.0
1968-03,2.83279949568,0.5835161007055973
1968-04,623.66104325656,2.7956444221837966
1968-05,433761.15632746695,5.6372516592155515
1968-06,154.18522969348,2.1908503833662603
1968-07,100.76672491776,2.0076057981684636
1968-08,4.85622770688,0.76761795499003
1968-09,0.80937128448,0.2575276935904718
1968-10,0.0,0.0
1968-11,0.0,0.0
1968-12,0.0,0.0
1969-01,0.80937128448,0.2575276935904718
1969-02,0.0,0.0
1969-03,0.0,0.0
1969-04,54.63256170242,1.745329058280044
1969-05,1182.41050949604,3.073135421790639
1969-06,24492.44514253618,4.389049875413114
1969-07,3476.52889993744,3.5412707478750702
1969-08,827.1774527388001,2.9181234025918408
1969-09,10.9265123405,1.0765134618831653
1969-10,172.39608359444,2.2390392840713806
1969-11,36.4217078016,1.5731236033640634
1969-12,0.0,0.0
1970-01,0.0,0.0
1970-02,2.42811385344,0.5350552371425368
1970-03,0.80937128448,0.2575276935904718
1970-04,411.4843610293,2.6154074873164146
1970-05,817.06031168238,2.9127853233110352
1970-06,34565.066730986444,4.538649964031486
1970-07,11400.136181873619,4.056948133172485
1970-08,3364.1315096616,3.5270020411615786
1970-09,9090.093411415779,3.958616120184195
1970-10,20.234282112000002,1.327037582959512
1970-11,21.853024681,1.358943688665561
1970-12,0.0,0.0
1971-01,0.40468564224,0.14757914337571743
1971-02,0.0,0.0
1971-03,2.0234282111999997,0.4804996611014309
1971-04,390.5216447614,2.5927557764593376
1971-05,19106.99788069142,4.281215184442797
1971-06,814.5917292647599,2.911472813044199
1971-07,2108.1693846844,3.3241114587721117
1971-08,43025.7849378128,4.633738895793632
1971-09,9.71245541376,1.0298890273608186
1971-10,78.50901459456,1.9004163710052537
1971-11,0.80937128448,0.2575276935904718
1971-12,0.0,0.0
1972-01,0.0,0.0
1972-02,0.0,0.0
1972-03,2.83279949568,0.5835161007055973
1972-04,133.54626193917997,2.1288716363863696
1972-05,46100.57026021556,4.663715718095346
1972-06,5996.21097364296,3.7779493269897437
1972-07,125.04786345219999,2.100535488657575
1972-08,229.05207350782,2.3618261520061448
1972-09,48.5622770688,1.6951512512088114
1972-10,44.5154206464,1.658158560767445
1972-11,0.0,0.0
1972-12,0.0,0.0
1973-01,0.0,0.0
1973-02,0.0,0.0
1973-03,0.80937128448,0.2575276935904718
1973-04,158.23208611584,2.2020305848777184
1973-05,1675.0464823644,3.2242860588971425
1973-06,75.27152945664,1.8823624552902367
1973-07,229.46080600652,2.3625970764396116
1973-08,71.2246730342,1.8586855844412726
1973-09,3.23748513792,0.6271081880180642
1973-10,0.40468564224,0.14757914337571743
1973-11,0.0,0.0
1973-12,0.0,0.0
1974-01,0.0,0.0
1974-02,0.0,0.0
1974-03,0.0,0.0
1974-04,41.682621150719996,1.6302510817069775
1974-05,248.88166997752,2.3977343997055445
1974-06,13729.40152034224,4.13768323756591
1974-07,91.054269504,1.9640439360125193
1974-08,746.4629013935399,2.8735896423210163
1974-09,0.40468564224,0.14757914337571743
1974-10,110.47918033152,2.0471937668334577
1974-11,1.2140569267199999,0.3451887830479135
1974-12,0.0,0.0
1975-01,1.21405692672,0.34518878304791356
1975-02,4.8562277068799995,0.76761795499003
1975-03,0.40468564224,0.14757914337571743
1975-04,40.06387858176,1.6134599671267178
1975-05,1212.43818415088,3.084017657086605
1975-06,346.41090975734,2.540843452490517
1975-07,3343.0069191377797,3.5242671673735124
1975-08,74.46215817216,1.8777292216025476
1975-09,114.52603675392,2.0626798746543753
1975-10,131.522833728,2.122290713802707
1975-11,81.34181409026,1.915620430802236
1975-12,1.2140569267199999,0.3451887830479135
1976-01,2.0234282112,0.48049966110143094
1976-02,2.83279949568,0.5835161007055973
1976-03,13943.7958799,4.144412161565003
1976-04,2193.01577643764,3.3412397461170777
1976-05,5942.60226661706,3.774049739650091
1976-06,137.59311836158,2.141741666554361
1976-07,265.47378130922,2.425654484683857
1976-08,30.75610881024,1.5018272813566742
1976-09,5.66559899136,0.8238391825501141
1976-10,40.8732498662,1.6219366686577799
1976-11,243.6207566285,2.3884933051400035
1976-12,27.1139380301,1.448921683208104
1977-01,14.56868312068,1.1922518792598982
1977-02,5.66559899136,0.8238391825501141
1977-03,28.327994956800005,1.4672823729374909
1977-04,6198.2947959573,3.7923422889106027
1977-05,993.14712833392,2.9974506623602055
1977-06,2895.59456678164,3.4618877117271922
1977-07,419.31907506324,2.6235790997525847
1977-08,4.45154206464,0.7365193674941293
1977-09,0.80937128448,0.2575276935904718
1977-10,91.054269504,1.9640439360125193
1977-11,0.0,0.0
1977-12,0.0,0.0
1978-01,0.0,0.0
1978-02,0.0,0.0
1978-03,0.0,0.0
1978-04,285.70806342106,2.457439907282122
1978-05,1241.98023603446,3.094464223211706
1978-06,3293.52600565834,3.517792940042408
1978-07,2781.3477631287,3.444411411122871
1978-08,111.69323725822,2.051897854736777
1978-09,0.0,0.0
1978-10,115.74009368064,2.067220037483381
1978-11,49.776333995520005,1.7056613420085598
1978-12,0.0,0.0
1979-01,0.0,0.0
1979-02,0.0,0.0
1979-03,3.23748513792,0.6271081880180642
1979-04,80.53244280576,1.9113304544811374
1979-05,746.27674599856,2.8734814679491447
1979-06,204851.58072817329,5.311441439555673
1979-07,2306.64745792216,3.3631694618608057
1979-08,4207.33856068616,3.624110671526659
1979-09,12.94994055168,1.1445723568474409
1979-10,80.93712844800001,1.9134807396874112
1979-11,137.59311836156,2.1417416665542985
1979-12,0.40468564224,0.14757914337571743
1980-01,0.40468564224,0.14757914337571743
1980-02,15.78274004736,1.224862867714445
1980-03,50.58570528,1.7125293725944404
1980-04,245530.49650260896,5.390107210837387
1980-05,371606.95754519885,5.570085005324206
1980-06,75865.86697826721,4.880052149674389
1980-07,8919.03279044012,3.950366450865028
1980-08,86.60272743938,1.942517627782611
1980-09,2.42811385344,0.5350552371425368
1980-10,104.00421005568,2.021206712091802
1980-11,11.33119798272,1.0910052705950244
1980-12,0.0,0.0
1981-01,0.40468564224,0.14757914337571743
1981-02,20.23428211202,1.327037582959921
1981-03,0.0,0.0
1981-04,245.23949919748,2.3913577192190796
1981-05,3921.71143439718,3.5935863613902055
1981-06,19331.93025436984,4.28629768418149
1981-07,122848.83000014951,5.089374559838907
1981-08,1110702.3059164125,6.045598064511064
1981-09,100026.83815801794,5.000120882759149
1981-10,42.8966780774,1.6424316558402607
1981-11,2.42811385344,0.5350552371425368
1981-12,110.88386597348,2.048767464331078
1982-01,25.899881103360002,1.4297503604385127
1982-02,30.75610881028,1.5018272813572213
1982-03,0.40468564224,0.14757914337571743
1982-04,31.97016573696,1.5181211302934794
1982-05,3297.98564143522,3.5183804253182984
1982-06,686320.7712965697,5.836527775670499
1982-07,22721.965691975765,4.356465012761064
1982-08,0.80937128448,0.2575276935904718
1982-09,107.64638083584,2.036015263935856
1982-10,148.51963070232,2.1746982157106456
1982-11,0.48562277068799997,0.17190854737440003
1982-12,3.399359394816,0.6433894420427471
1983-01,6.4,0.8692317197309762
1983-02,0.5,0.17609125905568124
1983-03,1.7,0.43136376415898736
1983-04,1140.4,3.0574378682129395
1983-05,1334.5,3.1256438923573917
1983-06,440.3,2.6447339274471924
1983-07,107.1,2.03382569395331
1983-08,52.7,1.7299742856995557
1983-09,25.5,1.423245873936808
1983-10,39.5,1.6074550232146685
1983-11,115.2,2.065206128054312
1983-12,201.0,2.305351369446624
1984-01,82.2,1.920123326290724
1984-02,261.5,2.4191293077419758
1984-03,36.300000000000004,1.5717088318086876
1984-04,14066.0,4.148201487458512
1984-05,685.9,2.8368935163764335
1984-06,847.3,2.928549467001664
1984-07,52787.0,4.722535208024488
1984-08,2188.2000000000003,3.3402854394704677
1984-09,252.8,2.404491617758686
1984-10,4.5,0.7403626894942439
1984-11,0.0,0.0
1984-12,1.0,0.3010299956639812
1985-01,0.0,0.0
1985-02,0.8,0.25527250510330607
1985-03,5.5,0.8129133566428556
1985-04,82.9,1.9237619608287002
1985-05,1946.3,3.289432863850786
1985-06,5733.599999999999,3.7585031303713397
1985-07,8992.699999999999,3.9539383968501642
1985-08,68.3,1.8407332346118068
1985-09,8.9,0.9956351945975499
1985-10,1.3,0.36172783601759284
1985-11,0.7000000000000001,0.23044892137827397
1985-12,4.4,0.7323937598229685
1986-01,47.7,1.6875289612146342
1986-02,0.7,0.2304489213782739
1986-03,4.9,0.7708520116421442
1986-04,108.9,2.0409976924234905
1986-05,885.0,2.9474337218870508
1986-06,761.1,2.8820119616266586
1986-07,66.6,1.829946695941636
1986-08,289.8,2.463594402187
1986-09,6.3,0.8633228601204559
1986-10,98.89999999999999,1.9995654882259823
1986-11,37.2,1.5820633629117087
1986-12,0.2,0.07918124604762482
1987-01,68.8,1.8438554226231612
1987-02,2124.4,3.3274406762427553
1987-03,57.400000000000006,1.7664128471123994
1987-04,2391.4,3.3788337937400694
1987-05,19258.2,4.284638243183043
1987-06,379.59999999999997,2.5804687839510017
1987-07,9115.2,3.959813844584641
1987-08,7.6000000000000005,0.9344984512435678
1987-09,135.9,2.13640344813399
1987-10,3152.2,3.4987515178908466
1987-11,205.8,2.315550534421905
1987-12,46.0,1.6720978579357175
1988-01,21.400000000000002,1.3502480183341627
1988-02,108.0,2.037426497940624
1988-03,28.0,1.462397997898956
1988-04,1357.0,3.132899769944483
1988-05,9975.800000000001,3.998991266217821
1988-06,467.0,2.670245853074124
1988-07,461.5,2.6651117370750512
1988-08,13.1,1.14921911265538
1988-09,187.1,2.274388795550379
1988-10,798.7,2.902927096017263
1988-11,1263.8,3.1020218569241527
1988-12,9.9,1.0374264979406236
1989-01,58.5,1.7745169657285496
1989-02,402.90000000000003,2.6062738531699883
1989-03,57.3,1.765668554759014
1989-04,3138.7,3.4968881529875673
1989-05,2637.4,3.4213406383004434
1989-06,107.9,2.037027879755775
1989-07,91.5,1.9661417327390327
1989-08,209.0,2.322219294733919
1989-09,1.1,0.3222192947339193
1989-10,4.5,0.7403626894942439
1989-11,0.0,0.0
1989-12,0.1,0.04139268515822508
1990-01,0.1,0.04139268515822508
1990-02,3.3000000000000003,0.6334684555795866
1990-03,6.6,0.8808135922807914
1990-04,25.1,1.416640507338281
1990-05,624.1999999999999,2.7960189693471493
1990-06,1704.3000000000002,3.2318007920578995
1990-07,14934.4,4.174216858374127
1990-08,14245.8,4.153717327614234
1990-09,2315.7999999999997,3.364888544517053
1990-10,182.4,2.263399331334002
1990-11,42.5,1.6384892569546374
1990-12,0.4,0.146128035678238
1991-01,86.2,1.9405164849325673
1991-02,0.8,0.25527250510330607
1991-03,117.5,2.0737183503461227
1991-04,1158.0,3.064083435963596
1991-05,3467.6,3.540154219758759
1991-06,87.2,1.9454685851318196
1991-07,115.4,2.06595298031387
1991-08,784.1,2.8949249773595436
1991-09,173.9,2.2427898094786767
1991-10,137.6,2.141763230275788
1991-11,0.7000000000000001,0.23044892137827397
1991-12,35.8,1.5658478186735176
1992-01,12.0,1.1139433523068367
1992-02,54.2,1.741939077729199
1992-03,248.29999999999998,2.3967222785037734
1992-04,1254.0,3.098643725817057
1992-05,419.8,2.6240757311456826
1992-06,706.0,2.8494194137968996
1992-07,268.0,2.429752280002408
1992-08,494.8,2.6953065224318027
1992-09,5.5,0.8129133566428556
1992-10,79.69999999999999,1.9068735347220704
1992-11,5.3,0.7993405494535817
1992-12,0.4,0.146128035678238
1993-01,2.7,0.568201724066995
1993-02,39.3,1.6053050461411094
1993-03,227.1,2.3581252852766488
1993-04,301.1,2.4801507252732806
1993-05,6474.5,3.8112733077119487
1993-06,18539.4,4.2681190995991365
1993-07,127.3,2.1082266563749283
1993-08,284.6,2.455758203104137
1993-09,7.0,0.9030899869919435
1993-10,49.300000000000004,1.7015679850559273
1993-11,8.1,0.9590413923210935
1993-12,0.01,0.004321373782642578
1994-01,15.22,1.2100508498751372
1994-02,0.0,0.0
1994-03,31.9,1.5171958979499742
1994-04,868.33,2.9391846670974497
1994-05,2630.9900000000002,3.420284234883761
1994-06,6581.280000000001,3.81837635256615
1994-07,17069.010000000002,4.23223377553439
1994-08,1112.48,3.046682420770466
1994-09,1208.76,3.082699220718144
1994-10,26.54,1.4399639359209049
1994-11,22.92,1.3787611753163733
1994-12,14.8,1.1986570869544226
1995-01,1.45,0.3891660843645325
1995-02,10.319999999999999,1.0538464268522525
1995-03,289.35,2.462921830369343
1995-04,578.92,2.7633680867441783
1995-05,330663.75,5.519387900095294
1995-06,3784.88,3.578166844132859
1995-07,99.01,2.0000434272768626
1995-08,2109.7599999999998,3.324438855476719
1995-09,370.03000000000003,2.5694090263474267
1995-10,41.68,1.6302244107524322
1995-11,0.41000000000000003,0.14921911265537993
1995-12,0.0,0.0
1996-01,0.12,0.04921802267018165
1996-02,0.0,0.0
1996-03,1.1,0.3222192947339193
1996-04,92.67,1.971600520230059
1996-05,522.03,2.7185265998821793
1996-06,533.6899999999999,2.7281020618160117
1996-07,775.27,2.890012802592359
1996-08,21.79,1.3577443251803756
1996-09,12.15,1.1189257528257768
1996-10,2.01,0.47856649559384334
1996-11,0.21000000000000002,0.08278537031645007
1996-12,0.35,0.13033376849500614
1997-01,0.01,0.004321373782642578
1997-02,0.0,0.0
1997-03,24.7,1.4099331233312946
1997-04,117.18,2.0725439856436476
1997-05,356.11,2.552802011727399
1997-06,49.9,1.7067177823367587
1997-07,212.54999999999998,2.329499575762843
1997-08,60.120000000000005,1.7861833455676335
1997-09,7.13,0.9100905455940681
1997-10,0.31,0.11727129565576427
1997-11,0.1,0.04139268515822508
1997-12,3896.84,3.5908240080645037
1998-01,0.0,0.0
1998-02,0.0,0.0
1998-03,0.5,0.17609125905568124
1998-04,1362.21,3.134562763256611
1998-05,349600.58,5.543573386730475
1998-06,27747.45,4.443238728891217
1998-07,722.71,2.8595645736137754
1998-08,347172.87,5.540547030612005
1998-09,48.730000000000004,1.6966184592322249
1998-10,311.05,2.4942241869169015
1998-11,0.9400000000000001,0.287801729930226
1998-12,1.03,0.30749603791321295
1999-01,17.72,1.2723058444020865
1999-02,0.0,0.0
1999-03,3.61,0.6637009253896481
1999-04,1286.71,3.1098180683184236
1999-05,36135.36,4.557944404131672
1999-06,26177.559999999998,4.417945753702368
1999-07,52406.89,4.719396674875205
1999-08,1708.2,3.2327928841451588
1999-09,1550.25,3.1906817945067862
1999-10,517.04,2.7143632947038925
1999-11,505.63,2.704690902881887
1999-12,195.79999999999998,2.2940250940953226
2000-01,3.79,0.6803355134145632
2000-02,4.72,0.7573960287930241
2000-03,1083.43,3.0352015235287344
2000-04,2917.4,3.4651448166483223
2000-05,732.37,2.865323140283789
2000-06,6422.04,3.80774062662646
2000-07,1376.31,3.139031700705064
2000-08,2175.6,3.3377786248361834
2000-09,1.96,0.4712917110589386
2000-10,17.99,1.2785249647370176
2000-11,0.28,0.10720996964786837
2000-12,0.01,0.004321373782642578
2001-01,0.17,0.06818586174616162
2001-02,0.02,0.00860017176191757
2001-03,50.96,1.7156691424009902
2001-04,1115.04,3.0476797604330663
2001-05,142105.52,5.15261400428259
2001-06,671.99,2.828008611063375
2001-07,365.38,2.563931758318119
2001-08,128.44,2.1120685042681973
2001-09,9591.14,3.9819155087880147
2001-10,72.93,1.8688207061975175
2001-11,1.52,0.4014005407815441
2001-12,0.62,0.20951501454263097
2002-01,20.21,1.326540668516562
2002-02,0.04,0.01703333929878037
2002-03,0.04,0.01703333929878037
2002-04,295.5,2.4720246977002813
2002-05,240234.17,5.380636587658148
2002-06,254575.37,5.405818089597
2002-07,1096.65,3.0404638817350476
2002-08,106.94,2.033182413729195
2002-09,6.02,0.8463371121298052
2002-10,1.82,0.45024910831936116
2002-11,82.12,1.919705534549121
2002-12,0.33,0.12385164096708581
2003-01,115.91,2.067851660512353
2003-02,0.04,0.01703333929878037
2003-03,0.0,0.0
2003-04,157.55,2.2001662463631075
2003-05,1715.56,3.23465898819492
2003-06,576.24,2.761356418016348
2003-07,68602.13,4.836343930731797
2003-08,1682.3700000000001,3.226179583175776
2003-09,319.31,2.5055704974431707
2003-10,1732.65,3.238961423929526
2003-11,1.11,0.32428245529769273
2003-12,4.05,0.7032913781186614
2004-01,2.02,0.48000694295715063
2004-02,5.039999999999999,0.7810369386211318
2004-03,76.24,1.887842265107357
2004-04,2352.83,3.3717750937121895
2004-05,1244.6599999999999,3.0953995188289634
2004-06,822.15,2.915478982522619
2004-07,230996.67,5.363607599323979
2004-08,321.49,2.5085162522669364
2004-09,322.47,2.509834008532962
2004-10,18.580000000000002,1.291812687467119
2004-11,0.22000000000000003,0.08635983067474821
2004-12,1.01,0.30319605742048883
2005-01,0.51,0.17897694729316943
2005-02,1.1500000000000001,0.3324384599156054
2005-03,8.56,0.9804578922761001
2005-04,659.8199999999999,2.8200831786195226
2005-05,11483.19,4.0601003690621
2005-06,46606.35,4.668454410525489
2005-07,1827.9299999999998,3.262197083718353
2005-08,27.53,1.4553017716570764
2005-09,8.81,0.9916690073799486
2005-10,43.19,1.6453240015622934
2005-11,54.5,1.7442929831226763
2005-12,4.6000000000000005,0.7481880270062005
2006-01,5.2299999999999995,0.7944880466591696
2006-02,34.49,1.5501059993475927
2006-03,7.45,0.9268567089496923
2006-04,3574.81,3.5533744345803235
2006-05,3192.94,3.5043267534074527
2006-06,89315.48,4.950931599008675
2006-07,20460.3,4.310933222968068
2006-08,1979.8200000000002,3.296845012359101
2006-09,56.849999999999994,1.7623033632877683
2006-10,173.2,2.241048150671644
2006-11,0.34,0.12710479836480765
2006-12,0.8400000000000001,0.2648178230095365
2007-01,4.859999999999999,0.7678976160180906
2007-02,0.30000000000000004,0.11394335230683679
2007-03,2.13,0.49554433754644844
2007-04,392.58,2.5950330213895794
2007-05,925.6899999999999,2.966934476533305
2007-06,22923.54,4.360300629948776
2007-07,79316.75,4.899370386112643
2007-08,7.05,0.9057958803678685
2007-09,2.86,0.5865873046717549
2007-10,11.19,1.086003705618382
2007-11,31.81,1.5160062303860478
2007-12,0.24000000000000002,0.09342168516223506
2008-01,10.68,1.0674428427763807
2008-02,2.9099999999999997,0.5921767573958667
2008-03,43.25,1.6459132750338443
2008-04,105.45,2.0271456657743414
2008-05,1943.42,3.288790079510593
2008-06,4540.98,3.6572452175304004
2008-07,12390.54,4.093125283126741
2008-08,1488.59,3.173066748116727
2008-09,133.16,2.1276230495980295
2008-10,125.00999999999999,2.100405011565889
2008-11,4.640000000000001,0.7512791039833423
2008-12,0.2,0.07918124604762482
2009-01,13.83,1.171141151028382
2009-02,40.98,1.6230424342463816
2009-03,0.11,0.045322978786657475
2009-04,235.69,2.374179909654638
2009-05,2093.2200000000003,3.321022302828642
2009-06,61690.740000000005,4.790227019583283
2009-07,217.16,2.3387751249335733
2009-08,59.97,1.78511619502192
2009-09,1557.4499999999998,3.1926928732972155
2009-10,2.59,0.5550944485783191
2009-11,990.8699999999999,2.996454754833257
2009-12,0.23,0.08990511143939793
2010-01,0.06,0.02530586526477026
2010-02,0.73,0.2380461031287954
2010-03,98.73,1.9988258190402861
2010-04,655.57,2.817281035060837
2010-05,1137.11,3.056184239286029
2010-06,38202.15000000001,4.582099173676547
2010-07,40671.98,4.609305993160519
2010-08,182.22,2.2629728788053685
2010-09,2.58,0.5538830266438743
2010-10,321.62,2.508691286860763
2010-11,50.27,1.7098633174403992
2010-12,0.02,0.00860017176191757
2011-01,0.21000000000000002,0.08278537031645007
2011-02,0.0,0.0
2011-03,0.01,0.004321373782642578
2011-04,110.08000000000001,2.04563587107822
2011-05,731062.39,5.863955035964184
2011-06,73753.72,4.867789818607645
2011-07,114.01,2.0607356034493187
2011-08,312.57,2.4963345059968165
2011-09,427.55,2.632001499438424
2011-10,99.94,2.004063300397667
2011-11,7.67,0.9380190974762103
2011-12,0.03,0.012837224705172217
2012-01,1.4200000000000002,0.38381536598043126
2012-02,0.32,0.12057393120584989
2012-03,164.94,2.219951085755317
2012-04,124.68,2.099266172031917
2012-05,7626.490000000001,3.8823816469342196
2012-06,199677.32,5.300330914067039
2012-07,163603.06,5.213794076925268
2012-08,13330.35,4.1248741304989185
2012-09,1269.75,3.104060118374741
2012-10,20.06,1.3234583668494677
2012-11,0.03,0.012837224705172217
2012-12,0.0,0.0
2013-01,0.1,0.04139268515822508
2013-02,3.77,0.6785183790401139
2013-03,2.27,0.5145477526602861
2013-04,40.11,1.6139474767803497
2013-05,2380.09,3.3767758110977275
2013-06,11338.2,4.054582415417442
2013-07,5740.030000000001,3.7589898162981044
2013-08,57.47,1.7669330938372838
2013-09,4.0200000000000005,0.7007037171450193
2013-10,12.41,1.127428777851599
2013-11,0.33,0.12385164096708581
2013-12,0.04,0.01703333929878037
2014-01,1.86,0.45636603312904306
2014-02,0.0,0.0
2014-03,1.26,0.35410843914740087
2014-04,392.68,2.5951433520260245
2014-05,355.15,2.551632948680588
2014-06,1109.34,3.045455985555892
2014-07,20925.63,4.3206992956944585
2014-08,446.45,2.650744512417744
2014-09,392.57,2.595021986784182
2014-10,66.7,1.8305886686851442
2014-11,0.77,0.24797326636180664
2014-12,0.30000000000000004,0.11394335230683679
2015-01,1.27,0.35602585719312274
2015-02,0.2,0.07918124604762482
2015-03,13.47,1.1604685311190375
2015-04,627.1800000000001,2.7980841052113123
2015-05,48023.19,4.681460048567631
2015-06,397383.82,5.599211273150869
2015-07,20066.219999999998,4.302487211935179
2015-08,65.03,1.8197412972730105
2015-09,49.760000000000005,1.7055216134226672
2015-10,79.06,1.9034155857690864
2015-11,7.09,0.9079485216122722
2015-12,1.01,0.30319605742048883
2016-01,0.37,0.1367205671564068
2016-02,5.7299999999999995,0.8280150642239769
2016-03,22.02,1.362105319293773
2016-04,2566.82,3.409564577127899
2016-05,498401.81999999995,5.697580490928349
2016-06,4764.320000000001,3.678092069626584
2016-07,1056.33,3.024210554773424
2016-08,168.49,2.2291440796899296
2016-09,58.13,1.7718078789991056
2016-10,0.5,0.17609125905568124
2016-11,0.6900000000000001,0.22788670461367352
2016-12,11.82,1.1078880251827987
2017-01,0.71,0.23299611039215382
2017-02,89.82,1.9581814975649479
2017-03,14.66,1.1947917577219247
2017-04,592.97,2.773764510362542
2017-05,1287.29,3.1100136357126473
2017-06,921.71,2.9650652273645153
2017-07,1156.52,3.0635285036334885
2017-08,27774.87,4.443667670863378
2017-09,15684.08,4.195486738109948
2017-10,1701.19,3.231008034800354
2017-11,0.33,0.12385164096708581
2017-12,9.159999999999998,1.0068937079479003
2018-01,0.11,0.045322978786657475
2018-02,0.0,0.0
2018-03,2.1,0.4913616938342727
2018-04,117.07000000000001,2.07213956323974
2018-05,30217.75,4.480276495763095
2018-06,12959.45,4.112620080942292
2018-07,7286.24,3.8625630729362457
2018-08,8925.36,3.95067439794936
2018-09,43.010000000000005,1.6435513685629453
2018-10,232.0,2.367355921026019
2018-11,4.34,0.7275412570285564
2018-12,397.79,2.600744259470937
2019-01,2.19,0.5037906830571811
2019-02,0.01,0.004321373782642578
2019-03,14.01,1.1763806922432705
2019-04,612.58,2.787871195088256
2019-05,815383.27,5.911362328997307
2019-06,2926.29,3.4664657491372366
2019-07,66961.69,4.825832891650238
2019-08,3.13,0.615950051656401
2019-09,31.17,1.5074510609019698
2019-10,8.79,0.9907826918031378
2019-11,0.01,0.004321373782642578
2019-12,0.1,0.04139268515822508
2020-01,0.01,0.004321373782642578
2020-02,0.01,0.004321373782642578
2020-03,0.13,0.05307844348341968
2020-04,75.58,1.8841153620116688
2020-05,515.18,2.7128011732843547
2020-06,298.21999999999997,2.4759906186020064
2020-07,29.640000000000004,1.4862887609605664
2020-08,53.629999999999995,1.7374312005145824
2020-09,2426.24,3.3851127205109375
2020-10,76.28,1.888067113407437
2020-11,3.6,0.6627578316815741
2020-12,1.8800000000000001,0.45939248775923086
2021-01,0.37000000000000005,0.1367205671564068
2021-02,0.05,0.021189299069938092
2021-03,6509.870000000001,3.813639024045056
2021-04,1029.5,3.013047996115232
2021-05,3127.46,3.495330606527754
2021-06,2220.02,3.346552469332144
2021-07,51898.53,4.715163424913376
2021-08,830.1899999999999,2.9197003096081393
2021-09,33.0,1.5314789170422551
2021-10,73.17,1.8702282790117943
2021-11,4.12,0.7092699609758307
2021-12,44.22,1.655330558009341
